,Countryno,country,year,CO2_transport_capita,GDP_per_capita,gas_cons_capita,vehicles_capita,urban_pop,pop_density
0,1,Australia,1960,2.092156679764865,12290.4008293509,399.45596141557075,265.71014828338605,81.529,1.33768220454812
1,1,Australia,1961,2.047123914909854,12370.5105471806,407.42153963560054,275.6872237282142,81.941,1.3645652994545905
2,1,Australia,1962,2.094582014522435,12828.9886236666,426.8292682926829,284.27369858994746,82.337,1.3982791611887064
3,1,Australia,1963,2.2264840182648404,13668.1783745589,448.7671232876712,322.27395014835514,82.727,1.4253543860562592
4,1,Australia,1964,2.2906778902122324,13973.7438509531,476.4036894421062,334.7090969445533,83.11,1.4536011350767348
5,1,Australia,1965,2.355988760098349,13947.1397971169,495.69722514928,347.31345144717363,83.485,1.4823685614985096
6,1,Australia,1966,2.357737533258948,14588.7975484633,503.3902669298772,357.810391894425,83.855,1.5166031006339247
7,1,Australia,1967,2.4637681159420293,14907.2601756665,524.281718789728,351.07629388558945,84.217,1.5358681644819911
8,1,Australia,1968,2.58306270297277,15775.699805738,545.1744524939628,363.57207412520023,84.573,1.5632037280501934
9,1,Australia,1969,2.716301068254098,16599.5638645924,571.1489847508766,377.308371394745,84.922,1.5962667430326856
10,1,Australia,1970,2.569760933877029,16750.8665883324,593.3477252738467,389.2886213755416,85.265,1.62802806451193
11,1,Australia,1971,2.5531421504212726,16967.5687971994,603.3856380922934,389.48226699169226,85.6,1.6840008851515822
12,1,Australia,1972,2.5794945738787285,17490.1572460913,626.8498140699703,400.62973275701887,85.681,1.7152415292295276
13,1,Australia,1973,2.8161434977578472,18647.7556983189,664.7234678624812,418.422986029599,85.761,1.7416659073454563
14,1,Australia,1974,2.824455294031917,17863.2021265445,662.9016978794724,430.7955964473754,85.841,1.7863139945068534
15,1,Australia,1975,2.9007413805513567,17681.605486542,680.5585546678184,447.37222988152195,85.921,1.8084427840620647
16,1,Australia,1976,2.963728354592746,18179.9884724148,699.9216133399843,456.16539963239694,86.0,1.826666493107533
17,1,Australia,1977,3.120772266065389,18103.1988722163,725.4791431792559,469.48559864273113,85.94,1.8473634198091717
18,1,Australia,1978,3.254631564284719,18836.0704930921,743.4183033848726,482.38159509593464,85.881,1.868971531963084
19,1,Australia,1979,3.296127876533003,19297.5627301093,757.5444398511781,489.87601761381137,85.821,1.8892779506137485
20,1,Australia,1980,3.339912877756602,19705.8669871579,742.9213177239313,491.5441921756136,85.76,1.912448094971558
21,1,Australia,1981,3.344275473973337,20401.4029356559,734.5079386346888,504.4437616396864,85.7,1.9430378922978795
22,1,Australia,1982,3.363420740545526,19630.9278058492,742.1926472526025,522.1212016245879,85.64,1.9757103992293974
23,1,Australia,1983,3.286485783069816,20482.0192541605,722.1029344784956,529.0968370977973,85.58,2.000572745141429
24,1,Australia,1984,3.38973237261966,21001.9391952442,730.4426145136388,539.0230886738075,85.52,2.023352381448264
25,1,Australia,1985,3.440157380378221,21281.9813866455,732.3264373651479,549.7593094794391,85.46,2.0512086224177657
26,1,Australia,1986,3.4747540328622084,21371.3875446146,733.8435798831345,553.4644036606795,85.4,2.0851047212423364
27,1,Australia,1987,3.4801000989922466,22680.1385351427,721.9670558722078,554.9016562966794,85.4,2.117061296747068
28,1,Australia,1988,3.5554856582910928,23976.7872215249,735.3528266050496,558.8606060606061,85.4,2.1519857334392043
29,1,Australia,1989,3.604053668284328,24616.5379807033,745.4324864401941,564.8511904761905,85.4,2.188719524100855
30,1,Australia,1990,3.5974005426279363,24053.3955943188,758.4485294548523,571.0572429906541,85.4,2.221352980227276
31,1,Australia,1991,3.469682943763018,23827.3894926357,716.7900948854432,558.4201388888888,85.4,2.2498470510133686
32,1,Australia,1992,3.5124321234638467,24496.2443671283,711.689054015433,569.1538021726701,85.566,2.277312783931895
33,1,Australia,1993,3.5399332088073807,25263.6270165308,710.4771608082866,571.2911077149487,85.748,2.299701912187756
34,1,Australia,1994,3.5939512741528983,26380.661060725,715.5418650238029,580.3921568627451,85.928,2.3241737500488133
35,1,Australia,1995,3.699092518813634,27463.3054981186,716.9654714475432,589.4244604316547,86.106,2.352420499069289
36,1,Australia,1996,3.7851564633280543,28405.3919163355,712.9048113156027,606.3989071038251,86.283,2.3835309737969097
37,1,Australia,1997,3.8159529081384673,29473.0494263664,705.7838742776908,613.5783783783784,86.504,2.410345859963813
38,1,Australia,1998,3.7763882208326653,30442.3119275183,700.2298113409224,625.8930481283423,86.727,2.4355987139268187
39,1,Australia,1999,3.8058755151643244,31649.6552334523,703.0539997886506,624.7296587926509,86.947,2.4635851242466447
40,1,Australia,2000,3.876677282932178,31808.5517218924,711.0113298177831,627.3394255874674,87.165,2.4931335667703682
41,1,Australia,2001,3.7943646010405394,32638.4236134744,670.8391284191006,625.0515463917526,87.378,2.5269775978548092
42,1,Australia,2002,3.834841283572672,33289.3632545641,695.2176435266698,632.3193337057539,87.541,2.558009970972235
43,1,Australia,2003,3.8013812238004765,34283.1060245603,689.8579571157152,643.8241526429509,87.695,2.5897712924514793
44,1,Australia,2004,3.8936971491598515,34903.0118501845,723.2429424565518,654.8718055803696,87.849,2.6199705817268266
45,1,Australia,2005,3.8500009806421245,35506.2815141701,691.9410830211623,665.8915468459458,88.0,2.6547778660036707
46,2,Belgium,1960,0.7658281994985736,9337.64958633288,117.98779678437369,101.61746939279202,92.46,278.8997257769653
47,2,Belgium,1961,0.7905097023632974,9698.11677816021,125.43625029235793,110.89324250087887,92.554,279.28092626447295
48,2,Belgium,1962,0.8047217864216322,10159.8373809861,129.818325922735,120.92189288397697,92.679,280.865326020719
49,2,Belgium,1963,0.80733968655844,10431.6745352363,134.12603326024217,132.7233453700913,92.835,282.84582571602704
50,2,Belgium,1964,0.8338564485200807,11092.3387976455,148.64397560575352,146.25797908098343,92.988,285.405240706886
51,2,Belgium,1965,0.8939452328574116,11461.5755596638,164.31262849802303,166.33193998746714,93.137,287.8732480195
52,2,Belgium,1966,0.83544933267435,11744.4608089791,160.47764191697,191.28019239205966,93.284,289.7014015844
53,2,Belgium,1967,0.9028293628498347,12132.742006814,175.9734457531585,184.34234472433045,93.428,291.194393662401
54,2,Belgium,1968,1.0178031337940165,12590.2722584439,193.37219906607467,215.12476401019103,93.569,292.1998781230961
55,2,Belgium,1969,1.0522461463947042,13450.3643813944,209.7235422814272,226.0206896497199,93.707,292.90067032297395
56,2,Belgium,1970,1.1703114965290944,14252.7596107932,228.15895812863673,240.91097689027924,93.843,293.66240097501503
57,2,Belgium,1971,1.210565893551664,14668.6369542211,238.59829908772332,250.82734842591438,93.976,294.728823887873
58,2,Belgium,1972,1.289244334970804,15573.9057384289,259.29051401409623,262.5025994158916,94.106,295.825716026813
59,2,Belgium,1973,1.3159893735397854,16700.203463619,263.7111310938931,274.1272628220217,94.233,296.709323583181
60,2,Belgium,1974,1.2719470992801272,17212.4412778826,256.640653660061,285.4861688142071,94.358,297.623400365631
61,2,Belgium,1975,1.3560255900088767,16833.34979536,282.1227055210342,296.81304680894175,94.48,298.446069469835
62,2,Belgium,1976,1.4391600438653538,17881.7145359953,291.702361332652,309.0315571467624,94.6,298.9335770871419
63,2,Belgium,1977,1.5075748004294451,18214.3594171213,302.53221703624627,322.64766786805035,94.806,299.26873857403996
64,2,Belgium,1978,1.5468212214115018,18889.6595527448,315.3604632089284,332.88905294628063,95.005,299.512492382693
65,2,Belgium,1979,1.6358016981875803,19542.5887184122,317.2094664890131,345.55101368279344,95.196,299.7257769652649
66,2,Belgium,1980,1.6076286594851814,20262.2052655668,298.5016495182895,368.63715141363156,95.381,300.03046922608195
67,2,Belgium,1981,1.565070308476068,18990.1341313303,275.38340165343647,351.4398926963628,95.535,300.18281535649
68,2,Belgium,1982,1.583758129189007,18401.4500015241,270.4868143765467,353.998679891537,95.637,300.30469226081703
69,2,Belgium,1983,1.618382388752699,17862.9249534197,261.2748997516113,357.70419332063165,95.737,300.30469226081703
70,2,Belgium,1984,1.6214507174361354,17901.2810668614,262.69936842566676,361.7995398817316,95.835,300.21328458257193
71,2,Belgium,1985,1.6605283584160693,17741.8355187227,253.69465023815445,366.7867940539882,95.93,300.36563071297996
72,2,Belgium,1986,1.8100101776314585,18683.4485994807,275.81107468669836,371.0647494869762,96.023,300.48750761730696
73,2,Belgium,1987,1.8631777118961923,19444.1440230618,287.4298623517943,384.33704087199527,96.115,300.73126142596
74,2,Belgium,1988,2.007743344956969,20955.3244914384,296.31383169535945,395.3409759276103,96.204,301.70627666057294
75,2,Belgium,1989,2.042726800786943,22174.1502075456,289.50369487014945,408.70781462449804,96.292,302.803168799513
76,2,Belgium,1990,2.006545552245982,23044.8914109019,273.5924860487396,422.0320664586743,96.377,303.68677635588097
77,2,Belgium,1991,2.049080782361033,23491.9390406788,273.67722839534184,434.1785151380354,96.461,304.84460694698396
78,2,Belgium,1992,2.179159352197347,24233.7621192089,288.9949565750982,438.74492854084696,96.542,306.06337599024994
79,2,Belgium,1993,2.2172696149278965,24355.8971645373,281.5218442209436,446.5189709140522,96.622,307.28214503351603
80,2,Belgium,1994,2.248012303369359,25267.6176101506,280.6555377865264,459.45553062990786,96.7,308.22669104204795
81,2,Belgium,1995,2.2294980147109382,26120.0587547085,279.4764546759331,464.96773876905803,96.777,308.86654478976203
82,2,Belgium,1996,2.324588345532089,26172.5966638384,269.675877950546,472.83883668998845,96.851,309.47592931139496
83,2,Belgium,1997,2.325845218340193,27685.6357886652,248.98723093295564,481.1320373336638,96.924,310.207190737355
84,2,Belgium,1998,2.360088319052577,28587.6796746813,246.2019043795712,489.42050882637574,96.996,310.87751371115195
85,2,Belgium,1999,2.372286916857211,29682.3192116252,234.09954158928946,500.08665303013044,97.065,311.57830591102993
86,2,Belgium,2000,2.3714181197414947,31589.3844335182,218.99768320936474,510.48086165754745,97.128,312.370505789153
87,2,Belgium,2001,2.43910263576683,31735.7962491225,212.510098118226,516.9614093498608,97.184,313.4369287020109
88,2,Belgium,2002,2.4194832274164226,32457.0473545754,201.97845982472296,519.9616755821838,97.239,314.838513101767
89,2,Belgium,2003,2.4999679553066643,31523.1214697546,202.86941194759166,533.4391873479485,97.292,314.3935405240707
90,2,Belgium,2004,2.5448278820247734,31763.9643330839,185.3924384642482,546.7320233563054,97.345,315.04442413162707
91,2,Belgium,2005,2.4592940079783427,31678.7111483935,168.15196127504228,559.4894743535823,97.397,315.5444
92,3,Canada,1960,2.7997082362290397,11758.0418752576,657.0436141943978,292.4517783973028,69.061,1.94220369440525
93,3,Canada,1961,2.7639428602703737,11934.4537737086,659.6245416233376,300.8422619336053,69.668,2.0092351578213474
94,3,Canada,1962,2.8403352315461476,12445.8107005251,682.6582142473408,309.1797386760763,70.494,2.0469543663557856
95,3,Canada,1963,2.938726007171483,12820.8184647129,711.6642058637418,318.96505103082416,71.307,2.085443354656233
96,3,Canada,1964,3.0566623544631306,13459.0420509267,735.9379042690815,328.62051925079186,72.107,2.125141996874694
97,3,Canada,1965,3.175119422705559,14110.3285865656,765.7790425856286,337.4232635414848,72.892,2.1639608907891454
98,3,Canada,1966,3.316041500399043,14758.4593706042,796.1392657621708,346.40827724868734,73.642,2.204649249849618
99,3,Canada,1967,3.425436018028611,14920.3096577685,822.1634332745443,352.50873923684514,74.155,2.2446777976820833
100,3,Canada,1968,3.5456035480138834,15365.3551325354,863.6714230620902,364.8124642441288,74.662,2.2811873522985073
101,3,Canada,1969,3.638006467567054,15918.7883418477,884.6300171200304,376.05056286734464,75.161,2.3124184170908704
102,3,Canada,1970,3.779309697992872,16064.6635412909,920.8403676608517,379.7251840350599,75.654,2.3449691043392487
103,3,Canada,1971,3.8529886186689315,16637.7159104881,939.0851277180259,391.36578448375815,76.09,2.3803278382054893
104,3,Canada,1972,4.055719585365418,17407.3857470409,988.740785912067,408.4532082325752,75.971,2.4186074464095824
105,3,Canada,1973,4.348796356166422,18675.6500414576,1052.5535588603864,431.1207369325373,75.851,2.4599310937140886
106,3,Canada,1974,4.457258813492721,19529.3695009721,1072.1834864335067,459.7251197912608,75.731,2.5044330517039075
107,3,Canada,1975,4.455168253694688,19482.5471868104,1092.7657374294456,469.1745952411726,75.611,2.552259798471657
108,3,Canada,1976,4.596904498681861,20461.7663538191,1111.3615103325112,482.7084829381871,75.503,2.586240076714052
109,3,Canada,1977,4.605395864851236,20682.8470582943,1112.7500420238696,507.0084488186392,75.543,2.6168113302784075
110,3,Canada,1978,4.791562656015976,21055.0905441978,1132.4263604593111,522.8793612581457,75.583,2.643203779398714
111,3,Canada,1979,5.180623635539811,21896.233072767,1159.121802529143,533.3780814549032,75.623,2.669706197057022
112,3,Canada,1980,5.2006668564225595,22107.5701053631,1149.8800471678933,539.8466801592921,75.663,2.7044562550654256
113,3,Canada,1981,5.1,22437.1043804102,1098.9156626506024,540.3090640389966,75.712,2.738216596231818
114,3,Canada,1982,4.366716927227998,21376.656251885,999.5238473137053,551.1080870737383,75.874,2.771427094708204
115,3,Canada,1983,4.237900691389063,21977.0193869858,958.4773727215588,556.3794387629422,76.035,2.7993591033605285
116,3,Canada,1984,4.326900630301143,23183.7580064263,941.2108007158976,542.6616653887249,76.195,2.826411363708843
117,3,Canada,1985,4.363580294503122,24162.2738210275,927.3379076401203,552.6758116539826,76.354,2.8528038128291495
118,3,Canada,1986,4.319951152495802,24410.2270563317,921.8821553961227,563.4754478203763,76.502,2.881615569785484
119,3,Canada,1987,4.445951035781544,25539.2486557854,919.7740112994351,581.0219996041628,76.522,2.9196646839339264
120,3,Canada,1988,4.663320319762038,26784.2074893449,932.8127904815021,592.3962774916471,76.542,2.957603829544367
121,3,Canada,1989,4.654662332444574,27427.369708885,934.2561817451331,597.7167753353191,76.562,3.0108286019369856
122,3,Canada,1990,4.456118887409593,26972.5235727389,897.7006944694326,598.9199898659783,76.582,3.056135639593512
123,3,Canada,1991,4.264566098680228,25939.0732655478,856.356393629603,570.8552814153609,76.62,3.0979986825769146
124,3,Canada,1992,4.36121169594367,25832.2413399881,857.7260050343629,569.5939327684523,76.887,3.1362583864756295
125,3,Canada,1993,4.3799883537881925,26180.2505730892,867.257809603512,568.024527235487,77.152,3.170767943291424
126,3,Canada,1994,4.550028431666412,27408.5067712704,883.3155754212727,570.6245622634274,77.414,3.2013937412506284
127,3,Canada,1995,4.632418069087688,28413.6410806437,877.6998024119371,567.3854162585454,77.675,3.2280164644895097
128,3,Canada,1996,4.694677455774656,28795.580331998,879.2493908377961,565.6737729054646,77.951,3.262975462720116
129,3,Canada,1997,4.792711556930957,29858.7382474152,891.2802795859567,569.6192159253665,78.34,3.2976485427519187
130,3,Canada,1998,4.8386830160110295,30283.5030363979,902.4097540655714,581.3339153831377,78.724,3.3263173406088518
131,3,Canada,1999,4.919145420207744,31870.401068358,917.2371734340572,565.9315331703813,79.103,3.353952434208573
132,3,Canada,2000,4.835926252124655,33487.42629176,909.0111375801519,571.8805546623122,79.478,3.3836989237379185
133,3,Canada,2001,4.718501764692634,33078.2387230168,911.0768646704353,570.5052809588053,79.81,3.4180311013019176
134,3,Canada,2002,4.75990051654869,32962.728128789,921.4335820419617,580.8976954213965,79.888,3.4488332887960755
135,3,Canada,2003,4.796375805025888,33608.5243295788,926.3795933830029,595.1057398062039,79.967,3.4833634097284767
136,3,Canada,2004,4.896702609782778,34543.4438285848,934.7085482106579,608.6847346134113,80.045,3.5184433733508844
137,3,Canada,2005,4.93872245605348,35404.3886252051,920.741520178262,621.8768935864273,80.122,3.5533033998972896
138,4,Denmark,1960,0.7205864787842964,11049.583489234,146.95596976419137,126.200875464708,73.687,108.118952088742
139,4,Denmark,1961,0.7784569941542,11665.5330994755,164.36501436459153,142.7982605063721,74.417,108.84321453858863
140,4,Denmark,1962,0.8089976024839669,12233.8141657309,177.29096394861403,161.72042679078243,75.093,109.6938163795138
141,4,Denmark,1963,0.8773646953142962,12383.9428096635,193.1910095521747,175.74786969425668,75.757,110.56131696955393
142,4,Denmark,1964,0.9445006344672424,13370.6844386508,210.92435693483708,192.18221193250693,76.409,111.44847769648337
143,4,Denmark,1965,1.069549730070023,13906.0383085461,215.5909672007551,207.62604043659047,77.048,112.32032098182677
144,4,Denmark,1966,1.1735569886986255,14237.6107603764,232.21003293255217,222.5208244911502,77.619,113.22589096058532
145,4,Denmark,1967,1.178817517807383,14925.7215244861,245.89719801280322,237.4793313561012,78.163,114.12211470379985
146,4,Denmark,1968,1.2847174330811244,15672.0550817448,261.67124676996343,251.1934087370497,78.698,114.81904649516167
147,4,Denmark,1969,1.4064180086919902,16786.9533255485,286.18971107104454,264.3149356420964,79.222,115.45574699079538
148,4,Denmark,1970,1.4628434714878416,16978.3413144713,287.49642151154944,270.97364026687796,79.737,116.32657540712769
149,4,Denmark,1971,1.4869660774278146,17269.5785566606,296.78875773051095,277.2379010935914,80.239,117.1377389662497
150,4,Denmark,1972,1.522559117364466,17945.4747989397,300.3047522275441,283.72746792386044,80.731,117.80967665801275
151,4,Denmark,1973,1.5810871706723861,18878.2838374012,303.87141340630495,294.69569798570103,81.211,118.52397923058768
152,4,Denmark,1974,1.5539223954506545,18034.8864783383,279.468185916508,295.2434203696736,81.683,119.07710644323814
153,4,Denmark,1975,1.6937220817484746,17828.4167760656,300.7987174353767,304.52614763243236,82.146,119.42086381873968
154,4,Denmark,1976,1.7308691644278393,19011.8710271578,318.57455235938363,317.09788588264166,82.6,119.72140665565259
155,4,Denmark,1977,1.764791775205619,19349.3937008121,324.4622740383604,325.51104826589824,82.886,120.0948548501298
156,4,Denmark,1978,1.8024202585767775,19963.9619666239,338.1497137286433,331.857391821999,83.169,120.46844465423649
157,4,Denmark,1979,1.7979983978270797,20532.6425951155,318.9492810058472,334.1215800094043,83.448,120.73621991505428
158,4,Denmark,1980,1.7333502243888232,20150.1530174744,293.771631498331,325.08298026314736,83.723,120.88312883435583
159,4,Denmark,1981,1.692839620335319,19282.974146973,276.47761273296555,318.8988837801996,83.915,120.84879660217084
160,4,Denmark,1982,1.7116696399436475,19506.1853782657,270.81896358012506,316.25320649966665,84.025,120.76002831524303
161,4,Denmark,1983,1.7011135645817987,19682.6040833577,277.84854888169383,322.27223388259455,84.134,120.67713544124587
162,4,Denmark,1984,1.8096027892532678,20211.5034725019,288.55828261065625,333.9202196883768,84.243,120.61394525719679
163,4,Denmark,1985,2.0963331574003985,20744.9188953363,295.8723943233957,348.76813078878445,84.351,120.6628362435111
164,4,Denmark,1986,2.181413110429498,22368.8381887625,295.4769951727691,359.61730886518666,84.458,120.82430391694196
165,4,Denmark,1987,2.141593251757745,22569.2785303235,294.90792319286976,367.056768716208,84.565,120.94890304317056
166,4,Denmark,1988,2.142502333553497,22539.3618615848,299.6384064305482,370.05847953216374,84.671,121.00769049304081
167,4,Denmark,1989,2.199667458598907,22846.8332752776,294.7827161080732,370.4403741231489,84.777,121.08030195800896
168,4,Denmark,1990,1.993799187269096,23328.9539249303,300.52875554446376,368.22957198443584,84.843,121.27716442557207
169,4,Denmark,1991,2.1011590715166255,23527.2877716905,318.95711113327167,369.2859914629414,84.871,121.59230950695918
170,4,Denmark,1992,2.088421443447288,24205.2685569911,334.14743095156604,383.21083172147,84.898,121.88003770916804
171,4,Denmark,1993,2.1335119804310505,23936.9451729505,342.2870169146834,374.7735594526884,84.925,122.28677822295546
172,4,Denmark,1994,2.210834047228486,25330.6908856384,353.23404108194495,374.02497598463015,84.952,122.7004477963705
173,4,Denmark,1995,2.2222761496266368,26295.5087301399,355.02915614843425,387.64345830145373,84.979,123.34133867546548
174,4,Denmark,1996,2.2325355866172507,27123.3178369744,356.6356847728153,397.6624857468643,85.006,124.04133867546547
175,4,Denmark,1997,2.2478751619444575,28948.9596257521,364.80667611354494,405.54504163512496,85.033,124.55788357294367
176,4,Denmark,1998,2.249152985576199,30285.19848673,370.6483461561448,412.86549707602336,85.06,125.01105349988215
177,4,Denmark,1999,2.249239401939081,30977.6271932199,367.9206974934604,419.13893589020495,85.086,125.42538298373792
178,4,Denmark,2000,2.2323702678245025,32337.083675984,361.44921282728944,418.03449587941935,85.1,125.84529813810983
179,4,Denmark,2001,2.2318500301281095,32129.6032014234,355.3045532912977,427.0246711893853,85.15,126.29703040301673
180,4,Denmark,2002,2.2582135075766416,32652.9663540146,355.65932672870986,430.4302541310217,85.25,126.7011784115013
181,4,Denmark,2003,2.3374134183112965,31182.9555443258,355.620755785933,443.7777835031961,85.36,127.04628800377091
182,4,Denmark,2004,2.4016920642210238,32246.1289044272,350.44720875459313,456.89443796403293,85.566,127.37504124440254
183,4,Denmark,2005,2.443060453567828,31887.6490143638,338.96541187342143,470.1232302824635,85.856,127.72641998585907
184,5,France,1960,0.7631702443523205,9274.13819014663,116.16908859958497,157.9309645608758,61.88,85.4746925
185,5,France,1961,0.7876294849658024,9621.90132577387,125.3652407077112,171.6789647463971,62.607,86.3709781104013
186,5,France,1962,0.7832855898643721,10052.8526813577,132.5063332255265,171.207613814131,63.489,87.64269330089888
187,5,France,1963,0.8347534237981526,10537.9410026502,143.47902022331348,207.8808807672727,64.702,88.93359887209944
188,5,France,1964,0.8616085134943635,11133.8072477734,155.83100601454606,225.79070544764744,65.898,90.1465120186425
189,5,France,1965,0.8811609765377926,11559.655286621,167.56274057361478,242.60839717634875,67.071,91.21360895307598
190,5,France,1966,0.899651642272729,12064.3123652519,179.89067001759307,259.4548318566003,68.225,92.0996391302601
191,5,France,1967,0.9217140363413844,12572.0924011136,194.39608096241662,285.8415904174058,69.357,92.82755686072547
192,5,France,1968,0.9739123583616044,13008.8631614624,208.87137236210248,282.5251919777122,70.238,93.45911908336164
193,5,France,1969,1.0238994434859041,13827.5449241707,220.28881107339387,301.73007132692163,70.648,94.08679684275504
194,5,France,1970,1.0627065665997242,14512.6802374592,236.6473135885986,312.77584694885815,71.055,94.77541154856219
195,5,France,1971,1.1444943409743367,15264.8519641933,254.64425692720584,296.37643920768926,71.459,95.55021495125702
196,5,France,1972,1.2355806450280449,16002.8478320532,275.158750607227,305.3839875181766,71.86,96.38437375585774
197,5,France,1973,1.3450640347965306,17102.8895150803,296.2484283872487,317.3016286780898,72.256,97.22864640974787
198,5,France,1974,1.3240924623493115,17415.892641621,283.7873374835352,326.54378626082877,72.65,98.01000609972131
199,5,France,1975,1.3563909304103348,17344.9471075532,294.6527493936818,331.0836597945546,72.926,98.67868896169594
200,5,France,1976,1.4716164124233804,18082.8953602568,308.2755681709415,343.5716569858385,72.997,99.21729252729351
201,5,France,1977,1.4782114184299904,18668.6713724885,311.1281335319359,359.7766769964744,73.068,99.6518100101175
202,5,France,1978,1.5732466926034803,19549.7105489551,319.2684799066619,373.8959882286924,73.14,100.02827786969972
203,5,France,1979,1.5743082496644094,20205.7486868443,320.2997063867827,385.2022286032329,73.211,100.41324516131388
204,5,France,1980,1.59584475561375,20261.8559297476,316.70628362288085,392.880869454464,73.282,100.85481932771575
205,5,France,1981,1.6148012724266494,19534.897838329,321.8612599788251,390.70911584538817,73.352,101.36729088365604
206,5,France,1982,1.6167217762641235,19423.1645896623,320.3524166819459,400.6646627812934,73.425,101.93593831611166
207,5,France,1983,1.6220873443099801,19132.1318031733,320.48157401029965,427.69980124066313,73.5,102.54448596150966
208,5,France,1984,1.6401169526418133,18777.4917029712,320.3051931041659,430.57036446477883,73.575,103.16541567591852
209,5,France,1985,1.6269202454307299,18567.1202417391,312.81919180937433,445.45806708221727,73.65,103.77773272993575
210,5,France,1986,1.692935362884527,19363.0152222216,319.3062254303701,454.33215336523045,73.725,104.38041258953258
211,5,France,1987,1.7393034015071958,19787.7803202814,318.3214006879242,463.12263981793706,73.8,104.97872950475376
212,5,France,1988,1.8349997052098144,20811.60102117,321.60502045677805,473.4834573979017,73.875,105.56503508252887
213,5,France,1989,1.8711619798882952,21612.488256819,314.0915911247108,482.41265012987554,73.95,106.13080797565955
214,5,France,1990,1.9301753172385405,22161.6411816928,307.96517302188107,492.0841284216662,74.056,106.67061504914476
215,5,France,1991,1.9857550254561909,22270.0878561169,300.7493270838405,496.0299855257595,74.229,106.94066468699664
216,5,France,1992,2.018038916137059,22553.1968600542,294.8382724309036,497.4772970349134,74.401,107.47418941278312
217,5,France,1993,2.0285906761336716,22307.6708835128,284.03653270168536,502.0825161759451,74.572,107.9414591117783
218,5,France,1994,2.036045266179586,22813.7881924707,272.9841301910621,510.2880102415652,74.743,108.3445520722616
219,5,France,1995,2.0444834795472966,23255.9349114447,257.99154464245476,512.8688443200541,74.912,108.7370490497949
220,5,France,1996,2.033236700616983,23511.8961083012,245.59839148534226,518.8651951761319,75.082,109.12295504103615
221,5,France,1997,2.0677478168825614,24809.6843017662,238.2104187140133,529.009796818186,75.25,109.5097065924473
222,5,France,1998,2.1339141009103604,26410.0327914719,235.6726435203033,541.0788602870765,75.417,109.9140158446653
223,5,France,1999,2.129085037276345,27423.4276144538,233.45549675041786,551.7733201761296,75.614,110.48069091214575
224,5,France,2000,2.1624973607008657,28771.6497303311,224.3435046612309,560.993823671388,75.871,111.23966243338702
225,5,France,2001,2.1753471253090075,29660.3667259092,216.556808675963,569.821318263305,76.127,112.05174353411279
226,5,France,2002,2.1583014699765926,29976.6102148457,207.38398636097153,576.1249465467373,76.38,112.84757061734256
227,5,France,2003,2.1215416340937865,28384.0582511589,193.0514522928507,586.7465252966326,76.632,113.6495955593697
228,5,France,2004,2.1096575026544957,28762.7099669957,182.11505157855825,597.268472542688,76.883,114.48887286139464
229,5,France,2005,2.068657260831864,29039.8343394322,169.22499636967984,608.2426343334643,77.13,115.35669210824234
230,6,Greece,1960,0.277253509927416,4009.70474991552,17.403358848257714,9.627849024115477,55.936,64.6508921644686
231,6,Greece,1961,0.3179309482558451,4527.57216689167,27.744535933937044,11.35714079409267,56.453,65.15166795965865
232,6,Greece,1962,0.32551185555606715,4462.88814805889,26.63278818186004,12.816566890146209,57.34,65.54098525989139
233,6,Greece,1963,0.3384583634299866,5012.7909717735,28.303138405295044,14.705189473054427,58.222,65.78452288595811
234,6,Greece,1964,0.3090325998842126,5387.08217698208,36.42589580384255,17.32080247619176,59.099,66.02349883630721
235,6,Greece,1965,0.3216249004570933,5941.6783513623,39.29671511039395,20.783627585573036,59.969,66.33307214895268
236,6,Greece,1966,0.34712342071904234,6385.57219640158,46.4379158152565,23.68176371031342,60.833,66.82429014740109
237,6,Greece,1967,0.3627323905515467,6672.10664733233,52.50983177508105,26.800454963830376,61.691,67.37073700543057
238,6,Greece,1968,0.37182100193747347,7094.90741483117,59.948986158534176,30.640726381070728,62.543,67.81043444530644
239,6,Greece,1969,0.4035216267073866,7893.43356904997,65.20179956966813,34.42417152130728,63.385,68.05868114817689
240,6,Greece,1970,0.5060955512950018,8588.24562276911,71.87694121762723,39.10124734945835,64.22,68.21416602017068
241,6,Greece,1971,0.5480670671028858,9209.80529897158,78.81295014537365,44.541327116918936,64.951,68.51075252133437
242,6,Greece,1972,0.6322685570821504,10087.2339883466,93.94025714654724,50.123737974477145,65.454,68.95754848719938
243,6,Greece,1973,0.6876403699102013,10858.9123774737,100.68219748359463,57.043671062895086,65.952,69.27141970519783
244,6,Greece,1974,0.561257269843792,9986.61276072022,88.70765994548998,62.946435003256966,66.448,69.52693560899922
245,6,Greece,1975,0.5604351983813483,10386.9352967829,96.9431299764186,71.83426019946864,66.94,70.18262994569433
246,6,Greece,1976,0.7847063881194799,10974.3846152459,109.27118081441857,81.5921646019319,67.429,71.2812257564003
247,6,Greece,1977,0.8465400201257369,11165.4169124609,124.18785066819186,97.13052379041798,67.912,72.21473235065943
248,6,Greece,1978,0.8939593480735175,11817.1416379341,139.02499470040112,112.19016362441863,68.393,73.15716834755625
249,6,Greece,1979,0.9226813938207368,11988.655116961,138.24511235452584,126.38094217767127,68.87,74.07492629945695
250,6,Greece,1980,0.9800357894551259,11881.0327950084,137.61984048750816,133.53375149572113,69.343,74.80608999224205
251,6,Greece,1981,0.9959555365980255,11852.0606159195,143.27781403690892,140.91813076026503,69.746,75.47982932505819
252,6,Greece,1982,1.0072002560290794,11528.264372907,149.1391859840219,154.2440758828574,69.94,75.9465709852599
253,6,Greece,1983,1.0947911401538821,11430.7030608613,153.8597938156894,164.99640479700335,70.134,76.38965865011637
254,6,Greece,1984,1.1439195270802232,11615.2176826972,163.402639159781,176.32003167653374,70.327,76.7711481768813
255,6,Greece,1985,1.175724510030903,11956.1175069144,174.74809498404517,189.50516262152095,70.518,77.06982156710629
256,6,Greece,1986,1.1969243558856424,12419.6923372424,182.69901526133734,200.07671979198273,70.709,77.32515903801396
257,6,Greece,1987,1.2309267598577884,12298.9941584167,194.78841008959967,209.43062346215595,70.9,77.58413498836308
258,6,Greece,1988,1.339047799523024,13196.5142926545,207.93100875033863,219.28217047333837,71.09,77.86643134212568
259,6,Greece,1989,1.4103774043069337,13832.9586890188,225.48198136319567,232.37677608642147,71.279,78.27384018619084
260,6,Greece,1990,1.4856892387068419,14099.0617736271,233.6342321704,248.35396847674198,71.467,78.7967571761055
261,6,Greece,1991,1.5434427958954366,14915.0361047364,238.58525088794272,253.9377542965134,71.635,79.5678200155159
262,6,Greece,1992,1.565111834617728,15175.6391076847,244.16901819174907,258.27337968204574,71.757,80.4489216446858
263,6,Greece,1993,1.5708715317564483,15209.4828772507,247.8613596944177,272.1923966078044,71.878,81.19106283941039
264,6,Greece,1994,1.5663740336310836,15865.4599988992,250.6387972749072,283.9278455005477,71.998,81.8699379363848
265,6,Greece,1995,1.5647355253735877,16541.7128436238,256.1502146104359,297.7993439652252,72.119,82.5010473235066
266,6,Greece,1996,1.5958281745938738,16921.0872543305,269.8621079330776,311.02911341764406,72.239,83.08124903025602
267,6,Greece,1997,1.64153421183716,18086.9395233801,276.9914992839979,326.73422769343165,72.358,83.60359968968193
268,6,Greece,1998,1.7794382586609174,18840.749167356,286.6667651141499,343.3636646900346,72.478,84.05647788983708
269,6,Greece,1999,1.7890978058511857,19427.1110663827,290.83176967226524,367.3178743613563,72.597,84.42653219550039
270,6,Greece,2000,1.7348322626041428,20260.4906801137,295.8557660090486,392.509557308725,72.716,84.69730023273856
271,6,Greece,2001,1.7960576944499536,21314.2069333087,304.6084630749896,414.4087755347002,72.913,84.96325833979829
272,6,Greece,2002,1.811771837290507,22563.1867624511,318.0160315404895,421.87090797108925,73.303,85.2111947245927
273,6,Greece,2003,1.893209892902042,22977.1947859756,331.26635230548675,430.7308647457806,73.689,85.47962761830877
274,6,Greece,2004,1.9238894151620396,24091.4702051024,337.38164168097825,440.7094066814926,74.073,85.76981380915439
275,6,Greece,2005,1.9534995000862265,23661.8379505029,350.49404966937,451.28488270366387,74.452,86.05828549262995
276,7,Iceland,1960,1.4808570745098932,9736.25008126725,244.9109777074054,118.40206947478332,80.3,1.75559102244389
277,7,Iceland,1961,1.5639924258081095,10197.8350884565,262.52730004636123,125.58020671074789,80.803,1.7858254364089776
278,7,Iceland,1962,1.4804417199442916,10372.9574651586,241.25716917610674,135.17209483628434,81.297,1.8192319201995013
279,7,Iceland,1963,1.5081900103957384,11419.1508900721,247.77407313644272,152.27530038891425,81.781,1.8519002493765586
280,7,Iceland,1964,1.4816147484165243,12935.2012049498,238.11665599551282,162.83479032022257,82.256,1.8851172069825437
281,7,Iceland,1965,1.6641877203748583,14176.4283749631,254.82874468240018,175.36481823085973,82.72,1.918064837905237
282,7,Iceland,1966,1.6362427775221149,14986.709110695,260.77619266758705,193.44376261024556,83.175,1.9508229426433916
283,7,Iceland,1967,1.6100547921771462,14517.8521399922,271.6967461798934,204.10204443408256,83.621,1.9825536159600998
284,7,Iceland,1968,1.439291669975383,13088.235906568,258.07988565075834,209.27082814642463,84.057,2.00985536159601
285,7,Iceland,1969,1.3768076747193527,13329.1936253602,250.77568360959634,207.20907261959724,84.483,2.0286184538653367
286,7,Iceland,1970,1.3696083898296796,14466.6379559017,259.2473023606179,221.18834533067962,84.9,2.039281795511222
287,7,Iceland,1971,1.4556182010499858,17458.6687809144,281.419518869664,244.68494818273282,85.269,2.0558403990024936
288,7,Iceland,1972,1.530097495899817,17162.4170367498,306.01949917996336,262.78162018368903,85.63,2.0861546134663342
289,7,Iceland,1973,1.7897766076197383,19412.1029739612,376.795075288366,284.91908407184286,85.983,2.1178753117206983
290,7,Iceland,1974,1.5798595783633584,20435.1792903218,334.5584989475347,314.0969189387327,86.33,2.1467231920199503
291,7,Iceland,1975,1.7432871973905744,19357.6571035197,394.5334183568142,314.9779762148582,86.669,2.174354114713217
292,7,Iceland,1976,1.8623327307248563,19570.1267287808,354.2974463330214,323.3480203380503,87.002,2.196049875311721
293,7,Iceland,1977,1.8485205073061646,22332.9360900532,351.66975504848983,343.61233768893624,87.326,2.2124588528678304
294,7,Iceland,1978,2.013089555644032,23011.3389950624,407.091443474682,370.9251132488266,87.644,2.229795511221945
295,7,Iceland,1979,2.1706868673444526,23174.87910975,389.837641482269,396.9584164005575,87.955,2.2517206982543643
296,7,Iceland,1980,2.016323453348412,24248.1846963206,394.4980669594719,417.5629507781855,88.26,2.2756907730673315
297,7,Iceland,1981,2.426816320339755,25195.3595187503,398.6912526272454,435.42365428224076,88.533,2.301795511221945
298,7,Iceland,1982,2.0525100487471133,25885.7551018794,410.5020097494227,452.31957120954075,88.8,2.332768079800499
299,7,Iceland,1983,2.025513024470729,22819.1724449199,392.4431484912038,454.28781358244987,89.062,2.363860349127182
300,7,Iceland,1984,2.1710902630776876,24852.3741107197,396.6414903699621,470.7976526661205,89.319,2.389137157107232
301,7,Iceland,1985,2.0297839729914458,24439.2919220799,410.0992108697003,484.1194767213711,89.57,2.4080299251870323
302,7,Iceland,1986,2.1383337445513613,25606.463697752,431.7789291882556,513.9154703310124,89.816,2.4257356608478804
303,7,Iceland,1987,2.3184020109086916,28475.1781096938,479.9498899775888,537.6843994712096,90.057,2.4524588528678306
304,7,Iceland,1988,2.362456955233443,28830.9388506859,504.5247056939217,549.8827923238905,90.294,2.4911720698254363
305,7,Iceland,1989,2.3333807919257112,27533.0512224204,494.3603372723965,543.5897435897436,90.524,2.522214463840399
306,7,Iceland,1990,2.4330327360630393,27283.9051578144,525.8490106974955,524.8173698124423,90.75,2.5419052369077306
307,7,Iceland,1991,2.4437832868497305,27760.9877216748,539.1839315430358,527.3964950669744,90.932,2.5715411471321694
308,7,Iceland,1992,2.413266068329905,26295.9559796118,517.1284432135511,519.0832707204235,91.112,2.604059850374065
309,7,Iceland,1993,2.3888520238885205,26207.6613748447,508.10503365247894,497.5105598314957,91.287,2.6306733167082292
310,7,Iceland,1994,2.4434161212836583,26662.6585833484,514.996936332094,494.03447745920846,91.46,2.653576059850374
311,7,Iceland,1995,2.243259006684912,26816.2296145618,508.4720415152467,504.84305803454737,91.63,2.6680099750623443
312,7,Iceland,1996,2.4914843296791567,27648.1785429524,580.1067991491767,524.6045075205672,91.797,2.6824538653366585
313,7,Iceland,1997,2.139210999970494,29992.1651937886,497.91980171727005,551.3307286019356,91.96,2.704518703241895
314,7,Iceland,1998,2.2258955580612088,32630.0100028845,518.1592938437567,575.810857940014,92.121,2.733635910224439
315,7,Iceland,1999,2.2351927493231334,33762.6324574897,522.7466913739586,612.078882203484,92.267,2.7668927680798006
316,7,Iceland,2000,2.2047972119983643,33563.7110055652,508.5258085738162,636.3819564502614,92.401,2.8050374064837906
317,7,Iceland,2001,2.2107745431065946,34149.444157978,505.3198955672216,649.4323144104803,92.532,2.842573566084788
318,7,Iceland,2002,2.1911290575014872,33489.5049676062,504.3074814884374,672.4473544505398,92.662,2.8680598503740646
319,7,Iceland,2003,2.1760079579719607,32313.0874664336,500.8272284221179,680.6633039477242,92.789,2.8879900249376558
320,7,Iceland,2004,2.259701308572485,34849.3835888333,510.1446893595458,688.9531574577894,92.914,2.9134563591022444
321,7,Iceland,2005,2.224214279455674,36281.2962837371,502.1332236952961,697.5574017471167,93.037,2.959940149625935
322,8,Japan,1960,0.40205156785408847,3888.83286559454,47.38349077452192,18.939461889649113,63.272,256.602127079356
323,8,Japan,1961,0.4249918372075877,4315.92599947215,50.57771505008268,22.56035616209153,64.213,258.9119170984456
324,8,Japan,1962,0.46278904749979133,4673.83973393272,58.28950663661407,26.661749255368854,65.144,261.33624215980365
325,8,Japan,1963,0.4995248522910383,5022.36571239332,66.84088749328595,42.55015762436591,66.064,264.00872647941094
326,8,Japan,1964,0.5560893831905629,5575.19550641566,72.84362030544027,53.97156075290015,66.972,266.77392964275975
327,8,Japan,1965,0.5704721741856538,5857.11448193035,77.31359283193268,71.32385736569965,67.866,269.65639487319334
328,8,Japan,1966,0.6151919029962922,6422.60045249317,85.42940174366169,82.1829116418475,68.704,272.1298063812381
329,8,Japan,1967,0.6905931993050385,7072.48121262754,98.64482501861504,96.56611584042771,69.516,274.6795745841287
330,8,Japan,1968,0.7687436300848002,7927.46756908524,112.22924768209299,115.78156999178218,70.316,275.5958549222798
331,8,Japan,1969,0.8458690342340945,8819.4228739553,125.77055790330708,137.24266747354557,71.102,281.3526043086992
332,8,Japan,1970,0.919066558052614,11451.3917505599,141.0417365470315,159.5558227602616,71.877,284.5514044177802
333,8,Japan,1971,0.9752405460892929,12022.6604811291,152.90878643670112,179.06694471784553,72.666,288.2383419689119
334,8,Japan,1972,1.0023510094413552,12944.108570885,163.66570884800538,198.0916585897619,73.452,292.38406983087833
335,8,Japan,1973,1.0892957928922364,13771.3988554933,181.33957568075203,219.70235604075813,74.22,294.81451172940535
336,8,Japan,1974,1.0857646012236524,13225.8510758332,176.08612770283764,235.77959863487774,74.975,300.49645390070924
337,8,Japan,1975,1.1147936394497053,13520.2199586691,185.108093621583,249.9220686020221,75.716,305.4297407912688
338,8,Japan,1976,1.1628876218176658,14193.2150567886,194.6067694708746,258.533851623406,75.944,307.6971350613915
339,8,Japan,1977,1.2061863818799785,14970.5209062658,201.61949008896656,272.77278867893443,76.002,310.76146288209605
340,8,Japan,1978,1.2779160646834584,16057.9496421327,212.10987136416648,286.98855201679925,76.06,313.5862445414847
341,8,Japan,1979,1.3322689220678345,16782.9491730188,218.72788469836885,303.66446332972015,76.118,316.23908296943233
342,8,Japan,1980,1.337877412614958,17075.4535870381,217.77328697915775,319.71885117509663,76.175,318.8151788151788
343,8,Japan,1981,1.2984496124031006,16901.6251786299,219.53624371005031,331.5009807103687,76.273,321.09170305676855
344,8,Japan,1982,1.2439953059966737,16523.5904382716,219.0563027125598,344.73342704479546,76.383,323.45439650464226
345,8,Japan,1983,1.2693381631574976,16195.437715023,220.24333593271786,357.90442792067483,76.493,325.6663025669033
346,8,Japan,1984,1.301388125114566,16232.0618916547,221.66674998750187,371.1697777047083,76.603,329.0869207567864
347,8,Japan,1985,1.3088593338522947,16559.9409676831,222.8083541746029,383.79788184875173,76.712,331.1958310477235
348,8,Japan,1986,1.3460145523985119,17676.3593950093,226.91206005333686,397.19143709904176,76.835,333.12859884836854
349,8,Japan,1987,1.388390626663718,18781.2988078959,231.18002145940324,411.49569990850756,76.962,334.8628634119583
350,8,Japan,1988,1.455636841117989,20654.8393915521,236.68779003857665,429.46846498980403,77.088,336.29456939111355
351,8,Japan,1989,1.5528444718801782,22288.6590163427,251.55950485720786,447.9982909918218,77.213,337.67416346681296
352,8,Japan,1990,1.697143365955139,23989.2339202212,265.4994050365477,469.66201814058957,77.339,338.82885353812395
353,8,Japan,1991,1.782829383236094,25420.3773978923,273.91644676850575,488.34028413065573,77.473,339.88206253428416
354,8,Japan,1992,1.8125397451480731,26245.9611959166,279.2101683181866,504.6615844744585,77.61,340.72682391662096
355,8,Japan,1993,1.8457313547889769,26914.7723833404,284.8975396672448,517.5873020543562,77.746,341.56884256719695
356,8,Japan,1994,1.9346035963220525,27835.5394146105,296.3484607197446,530.6481311965398,77.881,342.7345035655513
357,8,Japan,1995,1.9867027001171886,29157.2169322703,302.83245242707613,543.7963549256413,78.016,344.04552934722983
358,8,Japan,1996,2.02574725073751,29781.221543381,310.16769904819455,557.6735487719995,78.145,345.0233196159122
359,8,Japan,1997,2.0347209555003927,29987.9777671031,316.85052858649703,569.5538198049279,78.272,345.9286694101509
360,8,Japan,1998,2.022624792342378,29264.4878819946,324.51546554861164,576.5718743817334,78.398,346.803840877915
361,8,Japan,1999,2.0344255823134625,28931.5773900757,332.5227003553099,582.0299670236378,78.523,347.46227709190674
362,8,Japan,2000,2.0212816268621423,29551.8142613552,338.9847875778356,587.9706892134255,78.649,348.06584362139915
363,8,Japan,2001,2.0320254189966103,29710.3154303534,345.5158908052757,594.1585052610876,79.99,348.8312757201646
364,8,Japan,2002,1.9856408646867276,29789.1902065593,345.1998901486916,598.8678636393394,81.647,349.64334705075447
365,8,Japan,2003,1.9620570318984012,30138.7894607904,348.5021688407273,610.5960991136005,83.196,350.3923182441701
366,8,Japan,2004,1.9612401280515963,30648.6655591292,353.7307942173277,622.5485490058392,84.64,350.5102880658436
367,8,Japan,2005,1.9191065405054277,30707.3767503983,347.6556079922989,634.0842062174156,85.978,350.5432098765432
368,9,New Zealand,1960,1.3407538578294966,12183.8500845357,338.5614301374484,270.6329244605402,75.998,8.85106906974141
369,9,New Zealand,1961,1.4133983551679958,12525.1854489733,361.6150762491218,278.0991647862469,76.525,9.1895484410011
370,9,New Zealand,1962,1.361804995970991,12673.9295049866,357.3730862207897,286.7338687624941,77.133,9.42615168432646
371,9,New Zealand,1963,1.3626668773204835,13474.9204511275,359.03309898096217,294.5849558077536,77.73,9.615282366791995
372,9,New Zealand,1964,1.4813955287382998,13904.5319138638,395.6834532374101,309.9613717002502,78.317,9.818844707758915
373,9,New Zealand,1965,1.5484705524273323,14410.6094467159,408.613605235124,332.5094912347181,78.891,9.982150317116707
374,9,New Zealand,1966,1.6218842258679322,15007.3574691778,421.166710265705,343.8806190414256,79.421,10.162546048384034
375,9,New Zealand,1967,1.6005286149553983,13826.2646128125,419.5881208472523,360.14708660362714,79.852,10.345600243059511
376,9,New Zealand,1968,1.688439285324406,13556.5545150049,446.49030239074267,364.58181818181816,80.277,10.436747559910371
377,9,New Zealand,1969,1.644547028274668,14865.144841081,436.0213502596653,373.1046957098943,80.695,10.530553340169382
378,9,New Zealand,1970,1.721990963105276,14157.9242086724,441.17123848151704,381.8149543941733,81.106,10.674490144696366
379,9,New Zealand,1971,1.7525411847178407,14526.5870673791,452.15562565720296,396.6666799400289,81.491,10.835137290646006
380,9,New Zealand,1972,1.9181101277592203,15386.9789336707,502.0834050759324,410.689641666753,81.819,11.028445558467206
381,9,New Zealand,1973,1.9113227298821465,16674.7387968918,475.8045453010502,427.09458909041706,82.141,11.246439557935513
382,9,New Zealand,1974,2.0504679697059895,16111.6333497055,495.7502397724642,442.45843811604664,82.46,11.48342258174775
383,9,New Zealand,1975,2.117998118776556,15084.5703021107,501.4433524699166,441.4006267845474,82.774,11.70901219095363
384,9,New Zealand,1976,2.1154155280501525,15601.1529795658,492.20382575148693,453.8187478164254,83.028,11.81307204435836
385,9,New Zealand,1977,2.1184539452599194,15070.6382360852,498.36548939170564,475.30544583275775,83.128,11.849910751585584
386,9,New Zealand,1978,2.1337946943483277,15156.0088426364,505.89516852492636,482.7330982470032,83.229,11.85370855645437
387,9,New Zealand,1979,2.135734963010614,15235.149939123,495.3361209392087,497.451628206672,83.328,11.807375337055182
388,9,New Zealand,1980,2.14590895949115,14965.3153113435,492.7880754280574,492.28687397013834,83.428,11.822186776043447
389,9,New Zealand,1981,2.1088674837594805,15517.1840856484,494.41582130628177,500.8367477305599,83.511,11.867760434468877
390,9,New Zealand,1982,2.1133677640125472,15284.5285948407,498.0830772155509,507.5961662573744,83.552,11.986251946374995
391,9,New Zealand,1983,2.100459475510268,15966.5566145823,490.4197793267277,516.155484014697,83.592,12.150317116706544
392,9,New Zealand,1984,2.1939202379845684,16391.634376659,495.4913079854978,532.9538741953169,83.633,12.25589609205879
393,9,New Zealand,1985,2.2112038434295216,16306.8226056526,470.8817098333898,552.9846153846154,83.673,12.331852189434507
394,9,New Zealand,1986,2.2918399408557435,17283.2454448223,491.9446754766965,580.8536585365854,83.78,12.328813945539478
395,9,New Zealand,1987,2.342413877351576,17951.2414234615,498.41192279501587,545.4545454545455,84.025,12.43553226235236
396,9,New Zealand,1988,2.4913199731985136,18600.9423894728,522.6289821526467,503.4638554216868,84.268,12.469712506171433
397,9,New Zealand,1989,2.6309408341416103,18914.7261453201,533.7657613967023,526.2162162162161,84.506,12.529717823098249
398,9,New Zealand,1990,2.5737281518409514,18694.8576828519,548.0809658237732,540.922619047619,84.742,12.645930652083097
399,9,New Zealand,1991,2.452004234499728,18208.7346434494,522.4457097078767,549.8240469208212,84.933,13.273707796893396
400,9,New Zealand,1992,2.534190333267265,18388.2348349688,525.8091004332192,548.1976744186046,85.034,13.412707455090958
401,9,New Zealand,1993,2.6146352387884217,19611.7972813254,526.0063826213537,556.6666666666666,85.134,13.566518552276785
402,9,New Zealand,1994,2.7624309392265194,20634.6541189942,535.9116022099447,576.5329512893982,85.234,13.748053625004747
403,9,New Zealand,1995,2.9046659770240106,21508.1543736701,545.5436380464964,586.6949152542373,85.333,13.95085640499791
404,9,New Zealand,1996,2.8938906752411575,22003.3351451118,540.9967845659164,576.6946778711485,85.421,14.173407770308762
405,9,New Zealand,1997,2.914341628540449,22550.1771526634,549.2819929653823,555.7572357347942,85.485,14.360639550339904
406,9,New Zealand,1998,2.9331585845347314,22845.7069502335,553.0799475753605,573.6392498281675,85.549,14.488625574417986
407,9,New Zealand,1999,2.9907955464003546,24060.1375241102,559.828948397695,596.1862724035337,85.613,14.564961452280581
408,9,New Zealand,2000,3.1028851388132828,24233.6029418626,546.1803665396479,606.7203396412021,85.677,14.650791842315142
409,9,New Zealand,2001,3.100115964437572,24785.3058777833,546.0636515912897,609.9690915750446,85.764,14.73738179332346
410,9,New Zealand,2002,3.1657591490439407,25206.3943029214,554.8942636444219,611.8304431957606,85.9,14.995632524400897
411,9,New Zealand,2003,3.233015494636472,25618.8224659263,563.4187524831149,620.1219286630029,86.0,15.294519767574341
412,9,New Zealand,2004,3.261162079510703,25733.0281671582,575.4128440366973,628.6987495156915,86.026,15.523527401162129
413,9,New Zealand,2005,3.239072062701082,25515.0427225451,555.649628679939,638.1880298017749,86.052,15.69974554707379
414,10,Poland,1960,0.8708576480095284,,26.790429001145508,8.034506234468513,47.892,97.2743402914533
415,10,Poland,1961,0.8707115204912562,,29.201708717127218,8.91115548566899,48.527,97.828855006693
416,10,Poland,1962,0.9040368213537456,,31.839253014830824,10.171843941568067,48.926,98.9536060596167
417,10,Poland,1963,0.9129981766084918,,32.85360771034124,11.503267830452666,49.326,100.27098501420222
418,10,Poland,1964,0.8866566365173437,,37.733485980002854,12.393685201457549,49.727,101.66655783734369
419,10,Poland,1965,0.8526011330913231,,38.51174830934697,13.682195210984771,50.126,102.66397858238923
420,10,Poland,1966,0.8601369906252959,,40.655282345885546,15.41534514542898,50.526,103.434653433021
421,10,Poland,1967,0.8587822205507178,,50.45775405783978,17.07716535433071,50.926,104.43421267426295
422,10,Poland,1968,0.8766156504845771,,56.85151304449606,18.737530102573494,51.326,105.43816317868686
423,10,Poland,1969,0.8722421754746025,,53.766248928515466,20.678019064274814,51.726,106.2662835874498
424,10,Poland,1970,0.8715937583233071,4616.7311762401,57.27966005700413,22.726714655474073,52.125,106.64500963139508
425,10,Poland,1971,0.8461573657480135,4916.27923213526,56.79686427623652,25.801829868452252,52.668,107.03418329034575
426,10,Poland,1972,0.8712580148930668,5105.16846740556,63.045198022123294,29.271243088384473,53.324,107.92272029775702
427,10,Poland,1973,0.874174091350593,5276.36095978782,69.6701161968031,33.785970604876496,53.977,108.9072447680303
428,10,Poland,1974,0.869980933759147,5603.10992243757,67.40125322980423,38.77411852918221,54.629,109.95755329916092
429,10,Poland,1975,0.8975399497148319,5861.67992580694,73.29076628362515,45.69958786244529,55.28,111.05553233863333
430,10,Poland,1976,0.8659256089858338,5985.15649399495,76.143240104435,52.802676594057154,55.929,112.16918606549349
431,10,Poland,1977,0.8705917285137529,6108.18957400745,84.08993616141117,60.98847128154148,56.575,113.25557478206927
432,10,Poland,1978,0.863706042510353,6129.51036456955,89.3735557233395,69.72293964660494,57.22,114.15847726011296
433,10,Poland,1979,0.8168020754659864,6065.75637316752,90.61708332887672,78.44016255414658,57.712,115.07792288354175
434,10,Poland,1980,0.7800608025771522,5353.4212234831,88.91287634419938,86.20572912177049,58.086,116.14531979496556
435,10,Poland,1981,0.7167413023805088,4995.84521724862,87.46862376505237,91.22562286353056,58.459,117.20456756668517
436,10,Poland,1982,0.6519372458786844,4997.83360990907,81.11954130556533,96.5387812363221,58.831,118.28816154624703
437,10,Poland,1983,0.6811257458203872,5357.07410419331,84.95614982994552,104.34072966248249,59.202,119.40255313591695
438,10,Poland,1984,0.6679468484479273,5821.96558703774,83.16141492440929,112.18735749435227,59.573,120.48755754350452
439,10,Poland,1985,0.6429781716706022,6289.02675324562,77.52295347399736,121.467021456025,59.942,121.45967873583858
440,10,Poland,1986,0.6570355033312447,6634.25602255013,81.26843039985002,129.8413760851815,60.31,122.28972215873846
441,10,Poland,1987,0.6618341886338938,6978.02374967606,76.29809298571243,137.34509078442127,60.676,122.98163505174834
442,10,Poland,1988,0.6321301859295541,7468.11025794827,78.3090594196294,146.28571723828446,61.043,123.49239936008358
443,10,Poland,1989,0.6232625666895557,7927.43694184506,86.42960614152291,156.35158875655424,61.225,123.93982500244866
444,10,Poland,1990,0.5263602305510288,7113.6453443796,79.55753833652639,167.50523560209422,61.27,124.42711809069836
445,10,Poland,1991,0.5464596175624591,6747.55088112345,92.47979269466114,191.96867223134421,61.315,124.86921871429038
446,10,Poland,1992,0.554691500163423,7221.14115912176,97.77480343576124,203.23436692419187,61.359,125.25275719089751
447,10,Poland,1993,0.5376818238167465,7800.96096988933,99.63233795289034,210.11184338697,61.404,125.571869796598
448,10,Poland,1994,0.5534128788024238,8475.83145790357,110.03394369437785,221.46209865612082,61.449,125.83712168206601
449,10,Poland,1995,0.5733903652488854,9378.9433899102,111.38749119769355,231.78442427621988,61.493,126.00802507427602
450,10,Poland,1996,0.6511433066739988,9839.09595738341,116.35141233371574,247.49560587365156,61.538,126.10392112050671
451,10,Poland,1997,0.6884924731550032,10484.1972005815,125.56384713345473,261.03283188483647,61.583,126.18648992784615
452,10,Poland,1998,0.7304050041433156,11075.6978368062,127.9760609242608,272.04807077536856,61.627,126.23161383003037
453,10,Poland,1999,0.7938382014963112,11585.0820508437,147.69684361498653,285.3782242760198,61.672,126.22113356622809
454,10,Poland,2000,0.7075527980890272,11967.1891890241,129.64395561586906,308.64920330105446,61.716,124.90982075810507
455,10,Poland,2001,0.704610605772693,12276.4740515345,120.31977765365244,324.2449981473119,61.761,124.87536648274511
456,10,Poland,2002,0.6777335418517072,12662.4686241981,110.22652046943628,370.32633502990825,61.787,124.81753893369029
457,10,Poland,2003,0.7407490779244473,12554.987609217,105.35388829137457,377.59664064777473,61.676,124.75368991640543
458,10,Poland,2004,0.8388720803100458,13208.3360859978,107.01315392278637,386.9849594610043,61.564,125.47558987840947
459,10,Poland,2005,0.9013388943846979,13440.3378392896,103.33955230968746,398.42316967319215,61.452,124.58931544412889
460,11,Portugal,1960,0.19982577901571918,3656.6014885909,22.579184069572786,23.5560590936789,34.955,96.8056830601093
461,11,Portugal,1961,0.215022068879632,3867.95108653569,24.07799208808379,25.11891301431721,35.344,97.58815300546448
462,11,Portugal,1962,0.2490553408750404,4168.46520559627,25.239090347604538,25.4977398671825,35.722,98.29491803278688
463,11,Portugal,1963,0.2546965207901572,4407.12285841516,25.801864932220273,28.391846224929328,36.101,98.6924043715847
464,11,Portugal,1964,0.2412741488584025,4508.8946370338,28.66513970381938,31.72531406846148,36.483,98.74715846994536
465,11,Portugal,1965,0.2511503184663828,4795.09245865402,31.67161095704385,43.38268924651797,36.866,98.34530054644809
466,11,Portugal,1966,0.2888817477121797,4918.67496265301,35.27044594160334,48.53714814727218,37.25,97.60644808743169
467,11,Portugal,1967,0.3087490929086869,5259.21452399733,39.32607059311377,54.690371279002036,37.636,96.98928961748634
468,11,Portugal,1968,0.3202571110092626,6141.1065966676,43.11588667651203,60.71346668312825,38.025,96.57540983606557
469,11,Portugal,1969,0.34141364661175505,6417.53515147994,49.3279917512636,65.42857554269574,38.414,95.71262295081968
470,11,Portugal,1970,0.40896586816944913,6807.17680997766,54.605583524596874,77.19026581245298,38.804,94.86809836065574
471,11,Portugal,1971,0.4511927453759685,7311.66352717224,63.976817485361686,87.25250500228181,39.197,94.46727868852459
472,11,Portugal,1972,0.4936022886461045,7857.7684440877,70.91187808718685,98.33891499709858,39.591,94.3216393442623
473,11,Portugal,1973,0.5502079206773928,8590.56924866742,82.70493797129653,109.4766202800022,39.985,94.35081967213115
474,11,Portugal,1974,0.5380173205024008,8386.64423505703,78.0182229093715,121.4683012015448,40.382,95.67612021857923
475,11,Portugal,1975,0.5872345760199351,7782.18406656541,88.41509346817001,126.82927701469781,40.779,99.38218579234973
476,11,Portugal,1976,0.5771814519533851,8104.13775563663,83.47753962510997,136.71149120454797,41.179,102.24928961748634
477,11,Portugal,1977,0.5943520689956032,8416.97176825099,80.37501288908513,148.12115337805355,41.578,103.34071038251366
478,11,Portugal,1978,0.6015745560118223,8561.41776336859,78.78011142206994,156.122461133876,41.979,104.46174863387978
479,11,Portugal,1979,0.6479482759245295,8816.38369730304,77.42257354497573,167.72256993710488,42.381,105.5875956284153
480,11,Portugal,1980,0.6952470902015009,8935.28935029538,76.89699038900251,177.4923234390993,42.785,106.73565027322404
481,11,Portugal,1981,0.7115767342627344,8660.03779135422,79.0753603410371,190.00000000000003,43.221,107.66515846994535
482,11,Portugal,1982,0.7526404716170298,8707.57247518374,81.82190649884869,204.34077079107504,43.738,108.32536612021858
483,11,Portugal,1983,0.7310804072961423,8555.80232770399,81.74443015646426,216.20445344129553,44.257,108.82912568306011
484,11,Portugal,1984,0.7082668749584844,8251.58189900457,81.03053230457236,226.58585858585855,44.777,109.24843715846994
485,11,Portugal,1985,0.664431078893409,8535.38634701682,85.29858445253224,239.23309788092837,45.298,109.54768306010929
486,11,Portugal,1986,0.7086802062129824,9436.26727714842,93.69330433758137,254.17759838546922,45.82,109.64736612021858
487,11,Portugal,1987,0.7756705836701802,10159.9527205545,104.38651685124402,257.8405650857719,46.342,109.61782513661203
488,11,Portugal,1988,0.8523285836474672,11060.0009317723,115.67316492358485,283.4828379423612,46.867,109.5039344262295
489,11,Portugal,1989,0.9045477261369316,11836.7274813731,126.13693153423289,310.7553655856528,47.391,109.34426229508196
490,11,Portugal,1990,0.9696272284147255,12756.3115165649,137.13013178716523,340.68337129840546,47.915,109.10620765027322
491,11,Portugal,1991,1.0471640478362205,13344.5270106078,151.3016510152622,370.596762258107,48.469,108.85502732240437
492,11,Portugal,1992,1.1343890285188818,13941.1682212375,170.00763828644358,406.69963117577925,49.13,108.7704262295082
493,11,Portugal,1993,1.1811724918273803,13905.4924621848,180.13633159134642,439.2551707405834,49.789,108.9035519125683
494,11,Portugal,1994,1.239050094955475,14734.4141278216,185.25700531200192,473.2196002865185,50.449,109.19699453551912
495,11,Portugal,1995,1.2986007825914885,15379.3010859419,188.5065652148935,500.94750423352957,51.109,109.57569398907104
496,11,Portugal,1996,1.3801744743239357,15870.7888371808,195.25146451018958,532.9924200481171,51.77,109.98846994535519
497,11,Portugal,1997,1.4165627243983245,16997.8872508748,192.79893504555406,568.0656402840127,52.428,110.48062295081967
498,11,Portugal,1998,1.5442615477103,18097.7768696377,199.50402531604706,609.2018060518368,53.086,111.04039344262296
499,11,Portugal,1999,1.616781961880744,19264.2305687341,203.4678994400767,653.3374543264927,53.743,111.67025136612021
500,11,Portugal,2000,1.7356828998693667,19823.8224357692,206.31885758245613,689.9088699561242,54.399,112.45790163934426
501,11,Portugal,2001,1.7302403750674775,20146.6365755611,192.51698540209802,731.7642079823067,55.044,113.25379234972678
502,11,Portugal,2002,1.7716558292707294,20287.1138586637,198.37554708031408,769.5950149410369,55.666,113.87574863387978
503,11,Portugal,2003,1.8577619790987911,20070.159657047,191.70420834241258,768.5985634854894,56.287,114.30405464480874
504,11,Portugal,2004,1.8924325684974268,20296.1110992663,183.8063286035555,768.0183157810446,56.907,114.57771584699454
505,11,Portugal,2005,1.8146625879601992,20871.0465471061,172.13588452424136,768.3452464995313,57.522,114.82814037389308
506,12,Spain,1960,0.5411262518469874,5065.62894460965,23.60860285667378,14.144498824584689,56.567,60.9371243347073
507,12,Spain,1961,0.6076921200094342,5587.82253505422,24.69155883764243,17.009103658947197,57.303,61.50556244747689
508,12,Spain,1962,0.676586802347624,6081.75878881614,26.302755155581764,20.373350698984655,58.308,62.074044579615034
509,12,Spain,1963,0.6901696925974604,6608.47879630318,29.044641230143124,25.186365574149015,59.306,62.620855176277566
510,12,Spain,1964,0.6463309173169389,6887.67002620896,33.85090952173885,30.498107275247953,60.298,63.24621833606787
511,12,Spain,1965,0.6443578846935492,7202.31823778404,38.148239992299,37.25826415575673,61.278,63.93671615510825
512,12,Spain,1966,0.6817788847039112,7712.6648622904,44.450372537488086,46.90954086543105,62.251,64.59480971627517
513,12,Spain,1967,0.6890443508659119,8059.08889427863,54.30966797455566,57.5740918532028,63.214,65.39466765376766
514,12,Spain,1968,0.7531754620387185,8523.59760733094,62.90555282384326,68.12272899829377,64.168,66.25542038496938
515,12,Spain,1969,0.6462116893803646,9241.44870558191,72.48575358898675,80.22434865442632,65.108,66.91154908159591
516,12,Spain,1970,0.6828425329926947,9549.37839729631,81.9174454911115,92.32386360864501,66.038,67.65883188602986
517,12,Spain,1971,0.7393611977744994,9940.78894009983,89.72943650206345,96.03281269926427,66.848,68.41345792148546
518,12,Spain,1972,0.7790693512291282,10677.7960117001,101.64420441817533,119.08378660834497,67.541,69.03578574572812
519,12,Spain,1973,0.9210998822962448,11352.965163454,117.27005985081284,135.61388173344392,68.224,69.66479450958421
520,12,Spain,1974,0.989636044348211,11503.4936731172,117.99397274953664,150.40885338998984,68.901,70.34384792396199
521,12,Spain,1975,1.0115189037093952,11536.5230094296,127.63601080473309,164.23877108450776,69.57,71.11407441506715
522,12,Spain,1976,1.097679966439096,11959.0952300081,134.72665139412172,179.12148405187224,70.231,71.94074303901355
523,12,Spain,1977,1.0703862106320998,12335.0817879954,139.2354423488557,195.3947812420571,70.883,72.80708251591464
524,12,Spain,1978,1.1157364785566786,12718.6425013085,147.91508881983776,211.66894975667918,71.527,73.81439753368166
525,12,Spain,1979,1.2464677477612705,12835.2673172576,154.37706006885867,223.9699973211894,72.162,74.47075909837051
526,12,Spain,1980,1.192872626124044,12910.4408787432,144.79539870618993,237.94994675186365,72.789,74.95752497647506
527,12,Spain,1981,1.1163057587174923,12046.5375603827,149.83881000587272,248.36950767601905,73.279,75.5627197373163
528,12,Spain,1982,1.118525633516025,11659.2110553446,151.43846112589725,259.5813586097946,73.515,75.96765506747288
529,12,Spain,1983,1.1234855995141337,11307.849261722,150.226524128355,269.57285115303984,73.749,76.3318763390265
530,12,Spain,1984,1.1601790296530108,11137.7416550465,151.54691625798506,270.3653444676409,73.982,76.64299014896685
531,12,Spain,1985,1.1439706745785536,11040.8222907345,153.41440627908977,282.9953198127925,74.213,76.92378864328047
532,12,Spain,1986,1.173200366819091,11816.8387443529,165.87252255491327,295.69466044582686,74.444,77.15765056863687
533,12,Spain,1987,1.2378717303955753,12717.8520888587,177.08658527051716,313.69019912076544,74.673,77.34827006246996
534,12,Spain,1988,1.4663245535439506,13685.5342919494,196.40535327018142,331.8085655314758,74.9,77.5185187409899
535,12,Spain,1989,1.5475050406051865,14667.783029854,200.12129985370754,353.772856039145,75.126,77.66993632868812
536,12,Spain,1990,1.620059080419563,15624.24545165,209.65016221826087,371.3679609154024,75.351,77.78799255165785
537,12,Spain,1991,1.6803183868203873,16403.6111341576,219.16303092045212,388.91427104722794,75.528,77.96541926958193
538,12,Spain,1992,1.7646270599954001,16881.476927934,235.33480112558325,406.5480153649168,75.61,78.22309987185648
539,12,Spain,1993,1.7326113694009095,16858.9761151036,225.85188852087552,416.46142054164534,75.692,78.46668268460677
540,12,Spain,1994,1.7869973017155099,17568.3510239956,233.10873374699614,425.5700076511094,75.774,78.6780534198302
541,12,Spain,1995,1.8137956474337724,18531.831328379,216.6703815117555,440.24197656647993,75.856,78.8623598430242
542,12,Spain,1996,1.9352459608959744,19111.4458585871,230.32973196894105,456.6349407104009,75.938,79.04490229056543
543,12,Spain,1997,1.9291395903529174,20429.1839444574,226.61579525230056,473.69271980433916,76.019,79.25359002082332
544,12,Spain,1998,2.109206017113118,22033.3300297002,226.75601093504238,496.5910828582869,76.1,79.53129104597149
545,12,Spain,1999,2.2050645955690125,23111.6521702344,223.6121843393928,520.2514640762255,76.181,79.94207111965402
546,12,Spain,2000,2.2330556009236817,24135.0642939738,211.7068840203922,534.0530042204371,76.262,80.68780761523045
547,12,Spain,2001,2.3059180904426815,24894.7417899915,208.09205495897402,552.6424074122658,76.343,81.75399382171227
548,12,Spain,2002,2.30959212298992,25741.4886538835,195.3583304784242,564.3229941461982,76.533,83.02251923693491
549,12,Spain,2003,2.384347360465368,25597.8114786464,186.9267649331931,575.7091905248444,76.778,84.50881392600309
550,12,Spain,2004,2.44560497620154,26387.691246195,175.52813080596744,586.8709249964058,77.022,85.98480508033174
551,12,Spain,2005,2.4898543988401296,26954.9023594437,166.3110031794953,598.037955563381,77.263,87.46549720491294
552,13,Sweden,1960,1.0207549952863564,11377.2173793373,207.22395257711244,175.02673752160828,72.49,18.1721004810262
553,13,Sweden,1961,1.0930853970971801,11959.0140214544,225.00005984044142,189.1356387775899,73.295,18.326261149290833
554,13,Sweden,1962,1.1254249768699378,12319.2083932465,231.16837362733858,204.16666821197228,74.271,18.427616123214897
555,13,Sweden,1963,1.1966869393324433,12858.613807057,250.25222478567468,207.57894997319357,75.223,18.531773651118584
556,13,Sweden,1964,1.310473318423871,13619.086435755,271.8840560036777,236.24021358321093,76.153,18.67074621045962
557,13,Sweden,1965,1.3589604043417944,14022.0856241675,287.1789779298882,250.25873159465635,77.056,18.847426524345664
558,13,Sweden,1966,1.406286562009745,14145.5281035937,295.8581018435802,260.3457125348401,77.914,19.0276283082322
559,13,Sweden,1967,1.3853705631124626,14499.9719002572,305.5441131855376,270.1524816920582,78.727,19.174175074328605
560,13,Sweden,1968,1.4812431269750173,14933.0156392865,318.49254948609587,280.9860989728288,79.519,19.282236681776087
561,13,Sweden,1969,1.5424057413135823,15583.9784443108,333.0793195643814,294.83062256686657,80.287,19.418219037871033
562,13,Sweden,1970,1.729496974996646,16515.6933391306,343.28836433973686,304.3391685520597,81.034,19.600333869474095
563,13,Sweden,1971,1.710228301277769,16477.7054538888,348.71369839771984,310.323553048225,81.563,19.735667982648536
564,13,Sweden,1972,1.7408862021841107,16759.977733672,361.7202024057225,322.3344106886675,81.886,19.794073207583956
565,13,Sweden,1973,1.8460452352368,17314.41770277,381.99125107296766,326.2012993270367,82.203,19.82822050007311
566,13,Sweden,1974,1.8308924497745391,17489.6985358347,355.3941167567713,342.8011167372817,82.517,19.885838572890773
567,13,Sweden,1975,1.8810031740250184,18246.9034590981,396.4632257776288,356.10888039238347,82.73,19.964997319296195
568,13,Sweden,1976,2.0055249841710685,18338.2114503184,416.5508229706435,370.1532418894768,82.802,20.037739435589998
569,13,Sweden,1977,2.0759761208210827,17626.9030196808,431.3134275541293,368.63791243785715,82.873,20.10903153482478
570,13,Sweden,1978,2.126734270232282,17583.8260151215,442.14322129431355,368.052198112126,82.944,20.16766340108203
571,13,Sweden,1979,2.087131909389296,18196.376147071,438.4062173621884,368.70027983569736,83.016,20.21172198664522
572,13,Sweden,1980,2.0046853805129903,18391.1765277451,423.077658936595,369.97154462699103,83.087,20.252792805965786
573,13,Sweden,1981,1.9650254317557485,18165.7402227552,415.9604293153912,371.55926211033886,83.1,20.27709460447434
574,13,Sweden,1982,1.9759135537219665,18200.5605702285,418.72551053342096,377.388896814452,83.1,20.288694740946532
575,13,Sweden,1983,2.013439015069336,18496.9494090694,429.46161937406174,386.7681130697733,83.1,20.297882243992788
576,13,Sweden,1984,2.1111711542048592,19487.2640321903,446.1048592322654,396.11052689556436,83.1,20.316335234196032
577,13,Sweden,1985,2.173552216628069,19905.7309225723,449.0810364934028,404.70731582712375,83.1,20.349919578885803
578,13,Sweden,1986,2.309485653769032,20911.2137958432,470.14102677605484,417.26346609175073,83.1,20.39730223716918
579,13,Sweden,1987,2.339897430328214,21713.9872764736,487.5084010057867,430.9679379202701,83.1,20.46547740897792
580,13,Sweden,1988,2.4571833140539865,22519.3898264318,503.4084676694298,444.98756810587867,83.1,20.5597528878491
581,13,Sweden,1989,2.5056034618773846,23422.7783445838,518.3113928188086,455.89112090062713,83.1,20.697382658283374
582,13,Sweden,1990,2.3098938114825205,23638.5104492682,486.7484885501356,456.84658750289555,83.1,20.85791051323293
583,13,Sweden,1991,2.2570678425854744,23370.4891815676,493.30567603243446,456.20612117903516,83.204,21.00057269581323
584,13,Sweden,1992,2.3315463528373743,23073.5567006508,501.84199083832647,449.56214400507685,83.361,21.12410927523517
585,13,Sweden,1993,2.2171089931010406,22332.2525138765,472.4403488144431,443.9052732218661,83.516,21.247163327971926
586,13,Sweden,1994,2.286821904063949,23608.6502113316,473.5361293375448,443.71948081644837,83.671,21.39870595116245
587,13,Sweden,1995,2.2918477175383223,25110.1750304664,481.59390248420203,447.30996200733784,83.824,21.511280889018863
588,13,Sweden,1996,2.2655813291666846,25483.8087138614,475.6250369019425,450.1555147442495,83.914,21.545542720670664
589,13,Sweden,1997,2.2970673278120817,26667.5013474236,466.42223398389024,456.55189952105786,83.942,21.55788370619486
590,13,Sweden,1998,2.3296871056225,28188.3355548903,453.848356124422,467.9748488930039,83.97,21.569854267193058
591,13,Sweden,1999,2.384319307319115,30149.6559667357,455.52691311707525,480.667558471966,83.998,21.58666959107082
592,13,Sweden,2000,2.3974006631343237,31800.4384348668,448.2586947477764,493.8987651630253,84.026,21.621360335331676
593,13,Sweden,2001,2.385352452124335,31454.3865330062,443.12249605438876,497.06323671632055,84.071,21.679485304869132
594,13,Sweden,2002,2.4033726545267773,31542.8681189297,452.8872852959084,500.0576663677561,84.133,21.750153531218015
595,13,Sweden,2003,2.42235379336697,31563.9166977789,447.2982327198825,513.5457480469264,84.196,21.831235073353803
596,13,Sweden,2004,2.463993285840678,32445.91062674,436.5359945943367,526.9457307410593,84.258,21.917266169517962
597,13,Sweden,2005,2.490704985795561,31230.7606476439,427.7057650130039,540.6741620244758,84.319,22.00509821123946
598,14,Switzerland,1960,0.7226210610817506,17055.3058759267,166.67207850405052,106.32462421718864,51.019,135.575221238938
599,14,Switzerland,1961,0.8483162670256706,17971.8869978256,196.5296688033441,118.65562069403079,51.671,137.4796093908116
600,14,Switzerland,1962,0.821699320842188,18404.0829662439,189.0984899929402,133.14182713549204,52.309,141.00928455778183
601,14,Switzerland,1963,0.9290078214029002,18914.537430231,213.37325198573225,145.55360134821726,52.946,144.05603622748433
602,14,Switzerland,1964,1.0243161955272793,19742.035995238,234.91906001974704,160.2763395706489,53.583,146.45891519935236
603,14,Switzerland,1965,1.0654878910033208,20189.6449812261,248.10158744035658,172.6621121070172,54.217,148.16008905079943
604,14,Switzerland,1966,1.1321388536198533,20586.5343339845,262.9265755570883,186.57094354151462,54.851,149.71670714430277
605,14,Switzerland,1967,1.1449008934733138,21135.5907569905,278.8818357133976,197.54591739810888,55.483,151.58330803481076
606,14,Switzerland,1968,1.171775729706443,21773.7149107572,287.09329411373045,214.3163036590063,56.114,153.504199554746
607,14,Switzerland,1969,1.2434026732668588,22608.47209209,307.02105326798977,230.43974442459697,56.742,155.2415249949403
608,14,Switzerland,1970,1.3396157211994348,23658.7353204442,334.09498360831316,246.20355184363808,57.368,156.36705626391418
609,14,Switzerland,1971,1.4774521964547906,24646.6381202731,371.2943591744229,258.44301686526336,57.597,157.1898148148148
610,14,Switzerland,1972,1.5189373635591752,25460.220294006,385.8835615519419,269.0140901278961,57.54,158.3929366524995
611,14,Switzerland,1973,1.5680126684008349,25961.1125190949,390.3384418203089,283.3748131639985,57.483,159.5665604128719
612,14,Switzerland,1974,1.4933599099884016,25860.3266960193,381.14581863167547,294.95341352835874,57.426,160.42817749443432
613,14,Switzerland,1975,1.416709472958834,23930.7990807664,379.1038823519018,303.52574825496936,57.369,160.35802469135803
614,14,Switzerland,1976,1.4248305118092746,23933.4348424519,382.22903150874635,317.3858315383105,57.312,159.44403966808338
615,14,Switzerland,1977,1.5172322881041027,24309.2219080051,405.65664953717254,329.3049012834076,57.255,158.9044221817446
616,14,Switzerland,1978,1.5409748066538274,25221.3153534402,409.6000183388737,349.92112722496427,57.198,158.91869054847197
617,14,Switzerland,1979,1.5394722104612617,25799.8327790222,406.71298852227346,365.6918162224649,57.141,159.2381349929164
618,14,Switzerland,1980,1.6298995095743147,26582.0377383694,428.679395285128,380.1566170712608,57.084,159.87168589354383
619,14,Switzerland,1981,1.6634996696607562,26607.1790491059,443.9671303796588,403.8190438770143,58.12,160.74868447682655
620,14,Switzerland,1982,1.6929239378036645,26526.0852579743,447.9520548920417,415.463219648056,59.938,161.69067496458206
621,14,Switzerland,1983,1.7589031423918557,26702.4021126283,464.7305645487074,423.43975022375355,61.728,162.38547358834245
622,14,Switzerland,1984,1.791406681139701,27546.3804321923,474.0863088562085,426.850122740515,63.489,162.96554428394344
623,14,Switzerland,1985,1.8005166632794287,27963.0588850377,467.6706800930087,436.1715349999707,65.21,163.68653393710946
624,14,Switzerland,1986,1.8911078571072755,29287.9346227735,492.9180316980427,444.04669764125003,66.895,164.54056515469657
625,14,Switzerland,1987,1.9159353568910877,29855.2291327663,504.95744453947725,450.9807594232746,68.537,165.57732297806675
626,14,Switzerland,1988,2.0065562671440746,30453.0301499256,520.2182914817971,452.82662028984106,70.137,166.79870474841255
627,14,Switzerland,1989,2.03854060351634,31421.3409981225,525.9585202873154,474.4787491477932,71.684,168.15279921070606
628,14,Switzerland,1990,2.1487542511606326,32568.8752877323,551.1115373212406,484.21695372608417,73.184,169.88841103999596
629,14,Switzerland,1991,2.1838305947460417,32051.5640411483,562.5018198588289,489.4364385874254,73.781,172.02504490374156
630,14,Switzerland,1992,2.2093375710726004,31422.834068582,578.0057608586251,489.65258768906995,73.73,173.9321510789547
631,14,Switzerland,1993,2.0437386003561406,31459.2435736772,528.6624249722372,487.6610265807763,73.679,175.52341319031598
632,14,Switzerland,1994,2.078985729493072,32065.3419554711,523.3210295697829,492.57595683955265,73.629,176.92820460927422
633,14,Switzerland,1995,2.028211167461357,32156.8517049164,504.21215997813846,499.62094791623304,73.578,178.1144729186167
634,14,Switzerland,1996,2.0221017131302275,32461.863293293,514.716799705876,503.971984987035,73.527,178.90735681036227
635,14,Switzerland,1997,2.0821266356190926,34260.9814098701,533.7918149852742,510.97271669767974,73.476,179.34338553393883
636,14,Switzerland,1998,2.0942331794327456,35639.088655646,536.2868444041006,517.944947853854,73.424,179.88162222334665
637,14,Switzerland,1999,2.0828693653169497,35939.0632137362,538.7744749398481,527.7311121421286,73.373,180.74613535736876
638,14,Switzerland,2000,2.2883390750600276,36982.2774650568,554.4072102167937,541.2088955335244,73.322,181.7693047262423
639,14,Switzerland,2001,2.231027071915975,36827.3936953549,535.6954649429988,550.3551300155692,73.322,182.92776358069983
640,14,Switzerland,2002,2.2155864447291487,36815.7238653476,520.9510878405898,559.4377631337981,73.36,182.118825
641,14,Switzerland,2003,2.216922984477043,35736.4184253952,514.5114437237439,563.339531518518,73.398,183.475025
642,14,Switzerland,2004,2.21526802780926,36479.6662406057,501.7845966473265,567.616325791623,73.436,184.740625
643,14,Switzerland,2005,2.2118792031587517,36814.8716852189,483.3863668909248,573.1007578587283,73.474,185.927875
644,15,United States,1960,3.681443065018736,15220.278315142,888.8974987684796,411.4983882055434,69.996,20.3252609466577
645,15,United States,1961,3.7005623574372177,15323.2584510491,890.9472973635072,416.3761331018823,70.377,20.055879706866282
646,15,United States,1962,3.813217682188079,16027.8043790269,911.4443169756296,427.46946321359513,70.757,20.366722859363946
647,15,United States,1963,3.9088045994018246,16494.7337193248,931.0142568774373,440.75289114233726,71.134,20.66195288548045
648,15,United States,1964,4.006118120371673,17236.4336294591,951.4980014487543,454.6035673480629,71.508,20.95095949758488
649,15,United States,1965,4.055315666767884,18176.2392879014,963.484866419973,471.8100132661121,71.879,21.214526540131192
650,15,United States,1966,4.202228327228327,19141.7200659916,1001.3888888888889,486.56621719484747,72.247,21.46095189846882
651,15,United States,1967,4.353687749104232,19412.3351497139,1024.4323442972745,497.18589442335457,72.612,21.6959130731
652,15,United States,1968,4.669666078742041,20188.2415675362,1081.7663647324944,512.8160032093948,72.974,21.91362338082053
653,15,United States,1969,4.842828737350563,20667.1763590329,1125.2238783877797,529.5855515779489,73.333,22.128822486395837
654,15,United States,1970,5.048816885472953,20494.501521778,1166.6309033806058,542.1138890758227,73.602,22.38813140356547
655,15,United States,1971,5.206418152662272,21046.4307276296,1201.2847862622255,559.8344304139533,73.613,22.672989072995186
656,15,United States,1972,5.4729485078324505,22062.5054073768,1267.275222014712,583.5771573944481,73.623,22.91701241188956
657,15,United States,1973,5.664459744512975,23182.6918976306,1310.8079411445478,613.2693252144815,73.633,23.136797190947444
658,15,United States,1974,5.481356439439992,22541.3164383118,1274.4161904850973,630.4288521821973,73.643,23.34915754627163
659,15,United States,1975,5.496149981710676,22239.1630537435,1294.7868483560444,638.2763549237353,73.653,23.580515691737926
660,15,United States,1976,5.689315935514941,23323.731159442,1350.420803999358,657.6251297979792,73.663,23.80565042319215
661,15,United States,1977,5.805511285467151,24150.3258394233,1373.7575996985095,667.1337818604894,73.673,24.046289098325573
662,15,United States,1978,5.949861850529011,25303.2851842069,1405.0946829301165,688.8291786893246,73.682,24.30243171713819
663,15,United States,1979,5.762857968052254,25739.6101835063,1318.664326497967,699.0623081042694,73.692,24.57211299099461
664,15,United States,1980,5.434085157883156,25021.0634174513,1228.9668830454395,709.4659528611579,73.738,24.809039454261182
665,15,United States,1981,5.357002780368333,25481.0192799894,1217.3742515231015,713.8182550993325,73.89,25.053717889367352
666,15,United States,1982,5.267758477795428,24720.8392244416,1208.746287727053,712.5254978040127,74.042,25.293701468288976
667,15,United States,1983,5.289659184232138,25724.8585738332,1206.6281138790036,722.8880687651683,74.194,25.52604225807297
668,15,United States,1984,5.403498356832397,27528.4846235467,1186.820735715043,726.7191336702534,74.344,25.748010691170176
669,15,United States,1985,5.399329197558885,28376.995012835,1177.8719254888115,742.9592455188525,74.494,25.97718518259715
670,15,United States,1986,5.448105841346254,28980.9181722864,1195.479171958873,751.8890850095172,74.644,26.218369771240404
671,15,United States,1987,5.5844879462129935,29499.089858103,1225.3630994390996,757.1387524034426,74.793,26.453767676679448
672,15,United States,1988,5.7860359347073,30399.3278857393,1249.5143129419753,771.4370273607724,74.942,26.695061448024667
673,15,United States,1989,5.77893111956535,31189.0203464353,1238.595894157257,775.5273837875243,75.089,26.948365316586163
674,15,United States,1990,5.688498255369097,31343.6954423186,1203.2905621677492,772.0815618637655,75.3,27.25451361289928
675,15,United States,1991,5.504444997845688,30983.5438577834,1180.2823136915422,758.9589509264647,75.701,27.621149126101653
676,15,United States,1992,5.548391120952463,31798.2684247075,1193.6034680368323,757.1818106879952,76.097,28.006891612148102
677,15,United States,1993,5.566003254860169,32537.0363955005,1189.332061142125,761.2674529119329,76.488,28.378658712342887
678,15,United States,1994,5.6976505552472965,33683.1835003878,1206.5322317064827,766.3621734266496,76.875,28.728807637548368
679,15,United States,1995,5.743996875445962,34210.8359804846,1219.5675196599043,770.4661582274631,77.257,29.07295151414571
680,15,United States,1996,5.821287779237845,35225.0048731664,1226.1928624987936,780.6234868474733,77.636,29.41316481347227
681,15,United States,1997,5.842872180065063,36567.0476307985,1225.8808686371522,775.523731125139,78.008,29.76942796998786
682,15,United States,1998,5.913454218535892,37978.4998715442,1249.0447845599483,780.7194345385105,78.377,30.11848506817368
683,15,United States,1999,6.010249426605504,39381.839665395,1263.8152236238532,789.6311388190858,78.742,30.46634115663787
684,15,United States,2000,6.053464010129967,40488.7129322149,1267.989590576613,799.9170202528592,79.057,30.797301329852257
685,15,United States,2001,5.99995181931309,40522.0683111214,1261.4882908911954,825.0175717930473,79.234,31.103628387936155
686,15,United States,2002,5.995823877639258,40822.722968663,1280.079106283294,811.7441362212579,79.409,31.393549932765186
687,15,United States,2003,6.03003158827787,41404.4592129152,1270.937323868355,814.4101691629896,79.583,31.664534617198143
688,15,United States,2004,6.048490283806272,42449.4339854654,1276.6401515043626,816.9516993719487,79.757,31.95894506828263
689,15,United States,2005,6.056749455214189,43212.3111958624,1265.3434739887489,819.3254316755014,79.928,32.25487659791834
